te95oqfbevus8jhlq3klf559ld,5,5
te95oqfbevus8jhlq3klf559ld,3,3
te95oqfbevus8jhlq3klf559ld,3,3
55t7o2u41lp57lrgokqc2ps9kp,5,5
55t7o2u41lp57lrgokqc2ps9kp,5,4
g4ae0shbiesir7p4sk9mi3rrug,4,3
vfp1lv2fgpmu00g9s4hur10jno,4,3
vfp1lv2fgpmu00g9s4hur10jno,4,3
1i3o32mlhfvcu2n880gb5egjgk,4,2
9et0kaa40m8nvhi589fap294rf,5,5
ffe9caocdc7r1qp4bjfqvhq7nr,3,2
blc7bm8sn6p5iclesjijnljdb9,1,1
sgdaoh2h4a067c5u4i615md643,5,5
u5e6ulma3k19umhh84pvs2dd4q,5,4
vbntdn4tlp5fuk9oegilt25lag,1,5
4v9rfqp5t7b67elovii0ogdbso,5,3
sgdaoh2h4a067c5u4i615md643,5,5
21a70ldvc1srlcvfvdj9r21npf,3,1
4s09rl6chbck8639q7cnnp0eom,1,1
d3luhu4ghqpdsgmlguj8mngi6p,3,2
t59g8qa2cmojpbqnnvk0dr06vm,3,3
vtai2ts472a9s8am0cc69i3i7h,2,1
6laphemtis8rqm9vini3u3hsq0,4,3
4s52kdlv3hqrkkvlq88qvmk19b,5,5
sorf07477n019obmjcr4bf56tt,4,3
816v2ja0miqhqjjv2883gsmimr,3,2
7sudc6p87a6vaq5tmgdbu7473o,5,5
m8uopo2ksrpih2vuci7p4v6mop,4,4
us89ge0qftlg8jadesqoorhp1o,4,4
hne8gosuf8d7278dbg6ca4oec6,5,4
8ibq7e37u19sr71loj4h0scc57,3,3
n5g8g8oktlr425bp5v1ue4efh7,3,3
tt7nhar6n6rj7c0o6d7gra7rn5,1,1
cj4svjba0ko7g7313a68vl1cfp,3,1
qucus4uqg3j5vkn57c3j5s618n,5,5
trbjkktnfdvufh48pirsf56lbc,5,3
agfh19vjtchp5esmedqgeqnus8,2,1
50b4fhqkcjg0o601u4ltbpdgv6,4,2
5otriau5hrv5u2r5oeck06vbs9,1,1
ja7f2v7oosjmkod3l69vrrijmr,2,1
ja7f2v7oosjmkod3l69vrrijmr,1,1
ja7f2v7oosjmkod3l69vrrijmr,1,1
kirhdc9fl334mlghnr9c4oflo0,2,1
3956cvfmtvd14b23c0o0jg3mtb,2,1
kiukk9hveq2be61u0hud28q7m3,4,3
99niuho2r3p2i7nvsk1dihgtgv,1,1
7idn4o58h9h1r8prcf3k0ciio8,4,2
7idn4o58h9h1r8prcf3k0ciio8,4,2
klrirve9lshmofvp49thmgrvnm,4,4
iad54lvvdk7bhdkdef1to47qpr,4,4
p953udg4dgcgu7pkr3coljpikf,3,2
b7jls3sj17vju5cfbgh7evm78r,4,4
5hsph8fan6sbgu68ssrgkbq2id,3,1
ipou4u7bv3n6vfd70i8ov1eg73,5,3
aun0jmd1bgaqgdoanq1sg7imcj,3,1
brc8k8fiomcuqepj4cj1jk443o,2,2
b0gaei9blks4m7m9bdhu3hklmq,2,2
cbjq2pf0ojrlvgptnl36808sl0,2,1
ktveiepdlmqspoich3qm5ntj5f,3,1
m0mdvsp4ialhf1s62ird8pdjjg,3,3
92f1pc4p47du9e5itu092aiiqt,3,2
6m5tsui3c2gn5rpokl6kv4t47t,3,3
8pf1qknqnqlqbkf7vpmivc57nl,4,3
f894r683ek2ele5hhudj41u0g8,2,1
3nboq8uii1b4sfr0ghfcdtpqc0,4,2
n39a7h6ltb0fh40ft6c7uhq18p,5,5
qvsu694hh8qalo5iogtrbtt6gb,3,2
5tasa1nf5hup5u8gkbabeera02,2,1
3nirkbeqs800kan2tsrpine2ef,4,4
7c10v8ot32qrbp1bk80rgaagsn,3,4
kcb40gf0a9ksorlt2je4f3j7pc,5,3
kcb40gf0a9ksorlt2je4f3j7pc,5,3
kcb40gf0a9ksorlt2je4f3j7pc,5,3
t0clldkbpoif2buk1t48uaevg4,2,2
n81up6l4b93gk1s8fnlak4l0ci,2,2
54ec711r8nehfhggee0k0rff5g,5,3
dpbb49ont3vat14bppln9j2uha,3,2
ro6228c0hhdt9bspfs221f3c5u,4,3
0254mkjsp343oa4hsig664fkqj,3,1
